{
  "data": [
    {
      "id": "f1c2a387-161a-49f9-a165-0f21d7a4e1c4",
      "status": "webhook_callback_verification_pending",
      "type": "stream.online",
      "version": "1",
      "cost": 1,
      "condition": {
        "broadcaster_user_id": "123456789"
      },
      "transport": {
        "method": "webhook",
        "callback": "https://mit.example.com/eventsub/callback"
      },
      "created_at": "2022-08-16T10:11:12.123Z"
    }
  ],
  "total": 1,
  "total_cost": 1,
  "max_total_cost": 10000
}
